{
    "loss": 0.765826940536499,
    "accuracy": 0.9143631458282471
}